Timestamp,Vehicle_Type,Confidence,Image_File
2025-09-22 23:11:01,car,78.20%,violation_20250922_231101.jpg
2025-09-22 23:11:01,car,78.59%,violation_20250922_231101.jpg
2025-09-22 23:11:01,car,78.84%,violation_20250922_231101.jpg
2025-09-22 23:11:02,car,75.76%,violation_20250922_231102.jpg
2025-09-22 23:11:02,car,76.15%,violation_20250922_231102.jpg
2025-09-22 23:11:03,car,76.37%,violation_20250922_231103.jpg
2025-09-22 23:11:03,car,86.91%,violation_20250922_231103.jpg
2025-09-22 23:11:03,car,87.08%,violation_20250922_231103.jpg
2025-09-22 23:11:04,car,83.44%,violation_20250922_231104.jpg
2025-09-22 23:11:04,car,82.88%,violation_20250922_231104.jpg
2025-09-22 23:11:04,car,83.21%,violation_20250922_231104.jpg
2025-09-22 23:11:06,car,78.12%,violation_20250922_231106.jpg
2025-09-22 23:11:06,car,78.40%,violation_20250922_231106.jpg
2025-09-22 23:11:07,car,78.42%,violation_20250922_231107.jpg
2025-09-22 23:11:15,car,77.32%,violation_20250922_231115.jpg
2025-09-22 23:11:15,car,75.43%,violation_20250922_231115.jpg
2025-09-22 23:11:15,car,75.19%,violation_20250922_231115.jpg
2025-09-22 23:11:16,car,85.17%,violation_20250922_231116.jpg
2025-09-22 23:11:17,car,85.23%,violation_20250922_231117.jpg
2025-09-22 23:11:17,car,85.31%,violation_20250922_231117.jpg
2025-09-22 23:11:17,car,85.38%,violation_20250922_231117.jpg
2025-09-22 23:11:18,car,85.61%,violation_20250922_231118.jpg
2025-09-22 23:11:18,car,80.91%,violation_20250922_231118.jpg
2026-03-31 21:35:39,car,78.20%,violation_20260331_213539.jpg
2026-03-31 21:35:39,car,78.59%,violation_20260331_213539.jpg
2026-03-31 21:35:40,car,78.84%,violation_20260331_213540.jpg
2026-03-31 21:35:40,car,75.76%,violation_20260331_213540.jpg
2026-03-31 21:35:40,car,76.15%,violation_20260331_213540.jpg
2026-03-31 21:35:40,car,76.37%,violation_20260331_213540.jpg
2026-03-31 21:35:41,car,86.91%,violation_20260331_213541.jpg
2026-03-31 21:35:41,car,87.08%,violation_20260331_213541.jpg
2026-03-31 21:35:41,car,83.44%,violation_20260331_213541.jpg
2026-03-31 21:35:41,car,82.88%,violation_20260331_213541.jpg
2026-03-31 21:35:42,car,83.21%,violation_20260331_213542.jpg
2026-03-31 21:35:43,car,78.12%,violation_20260331_213543.jpg
2026-03-31 21:35:43,car,78.40%,violation_20260331_213543.jpg
2026-03-31 21:35:43,car,78.42%,violation_20260331_213543.jpg
2026-03-31 21:35:49,car,77.32%,violation_20260331_213549.jpg
2026-03-31 21:35:49,car,75.43%,violation_20260331_213549.jpg
2026-03-31 21:35:49,car,75.19%,violation_20260331_213549.jpg
2026-03-31 21:35:50,car,85.17%,violation_20260331_213550.jpg
2026-03-31 21:35:50,car,85.23%,violation_20260331_213550.jpg
2026-03-31 21:35:51,car,85.31%,violation_20260331_213551.jpg
2026-03-31 21:35:51,car,85.38%,violation_20260331_213551.jpg
2026-03-31 21:35:51,car,85.61%,violation_20260331_213551.jpg
2026-03-31 21:35:51,car,80.91%,violation_20260331_213551.jpg
2026-03-31 21:39:47,car,78.20%,violation_20260331_213947.jpg
2026-03-31 21:39:47,car,78.59%,violation_20260331_213947.jpg
2026-03-31 21:39:48,car,78.84%,violation_20260331_213948.jpg
2026-03-31 21:39:48,car,75.76%,violation_20260331_213948.jpg
2026-03-31 21:39:48,car,76.15%,violation_20260331_213948.jpg
2026-03-31 21:39:48,car,76.37%,violation_20260331_213948.jpg
2026-03-31 21:39:49,car,86.91%,violation_20260331_213949.jpg
2026-03-31 21:39:49,car,87.08%,violation_20260331_213949.jpg
2026-03-31 21:39:49,car,83.44%,violation_20260331_213949.jpg
2026-03-31 21:39:49,car,82.88%,violation_20260331_213949.jpg
2026-03-31 21:39:50,car,83.21%,violation_20260331_213950.jpg
2026-03-31 21:39:51,car,78.12%,violation_20260331_213951.jpg
2026-03-31 21:39:51,car,78.40%,violation_20260331_213951.jpg
2026-03-31 21:39:51,car,78.42%,violation_20260331_213951.jpg
2026-03-31 21:39:57,car,77.32%,violation_20260331_213957.jpg
2026-03-31 21:39:57,car,75.43%,violation_20260331_213957.jpg
2026-03-31 21:39:57,car,75.19%,violation_20260331_213957.jpg
2026-03-31 21:39:58,car,85.17%,violation_20260331_213958.jpg
2026-03-31 21:39:59,car,85.23%,violation_20260331_213959.jpg
2026-03-31 21:39:59,car,85.31%,violation_20260331_213959.jpg
2026-03-31 21:39:59,car,85.38%,violation_20260331_213959.jpg
2026-03-31 21:39:59,car,85.61%,violation_20260331_213959.jpg
2026-03-31 21:40:00,car,80.91%,violation_20260331_214000.jpg
2026-04-23 21:22:16,car,78.20%,violation_20260423_212216.jpg
2026-04-23 21:22:16,car,78.59%,violation_20260423_212216.jpg
2026-04-23 21:22:17,car,78.84%,violation_20260423_212217.jpg
2026-04-23 21:22:17,car,75.76%,violation_20260423_212217.jpg
2026-04-23 21:22:17,car,76.15%,violation_20260423_212217.jpg
2026-04-23 21:22:17,car,76.37%,violation_20260423_212217.jpg
2026-04-23 21:22:18,car,86.91%,violation_20260423_212218.jpg
2026-04-23 21:22:18,car,87.08%,violation_20260423_212218.jpg
2026-04-23 21:22:18,car,83.44%,violation_20260423_212218.jpg
2026-04-23 21:22:18,car,82.88%,violation_20260423_212218.jpg
2026-04-23 21:22:19,car,83.21%,violation_20260423_212219.jpg
2026-04-23 21:22:20,car,78.12%,violation_20260423_212220.jpg
2026-04-23 21:22:20,car,78.40%,violation_20260423_212220.jpg
2026-04-23 21:22:20,car,78.42%,violation_20260423_212220.jpg
2026-04-23 21:22:26,car,77.32%,violation_20260423_212226.jpg
2026-04-23 21:22:26,car,75.43%,violation_20260423_212226.jpg
2026-04-23 21:22:27,car,75.19%,violation_20260423_212227.jpg
2026-04-23 21:22:28,car,85.17%,violation_20260423_212228.jpg
2026-04-23 21:22:28,car,85.23%,violation_20260423_212228.jpg
2026-04-23 21:22:28,car,85.31%,violation_20260423_212228.jpg
2026-04-23 21:22:28,car,85.38%,violation_20260423_212228.jpg
2026-04-23 21:22:29,car,85.61%,violation_20260423_212229.jpg
2026-04-23 21:22:29,car,80.91%,violation_20260423_212229.jpg
2026-04-24 14:38:49,car,78.20%,violation_20260424_143849.jpg
2026-04-24 14:38:50,car,78.59%,violation_20260424_143850.jpg
2026-04-24 14:38:50,car,78.84%,violation_20260424_143850.jpg
2026-04-24 14:38:50,car,75.76%,violation_20260424_143850.jpg
2026-04-24 14:38:50,car,76.15%,violation_20260424_143850.jpg
2026-04-24 14:38:51,car,76.37%,violation_20260424_143851.jpg
2026-04-24 14:38:51,car,86.91%,violation_20260424_143851.jpg
2026-04-24 14:38:51,car,87.08%,violation_20260424_143851.jpg
2026-04-24 14:38:51,car,83.44%,violation_20260424_143851.jpg
2026-04-24 14:38:52,car,82.88%,violation_20260424_143852.jpg
2026-04-24 14:38:52,car,83.21%,violation_20260424_143852.jpg
2026-04-24 14:38:53,car,78.12%,violation_20260424_143853.jpg
2026-04-24 14:38:53,car,78.40%,violation_20260424_143853.jpg
2026-04-24 14:38:54,car,78.42%,violation_20260424_143854.jpg
2026-04-24 14:39:00,car,77.32%,violation_20260424_143900.jpg
2026-04-24 14:39:00,car,75.43%,violation_20260424_143900.jpg
2026-04-24 14:39:00,car,75.19%,violation_20260424_143900.jpg
2026-04-24 14:39:01,car,85.17%,violation_20260424_143901.jpg
2026-04-24 14:39:01,car,85.23%,violation_20260424_143901.jpg
2026-04-24 14:39:01,car,85.31%,violation_20260424_143901.jpg
2026-04-24 14:39:02,car,85.38%,violation_20260424_143902.jpg
2026-04-24 14:39:02,car,85.61%,violation_20260424_143902.jpg
2026-04-24 14:39:02,car,80.91%,violation_20260424_143902.jpg
2026-04-27 16:08:37,car,78.20%,violation_20260427_160837.jpg
2026-04-27 16:08:37,car,78.59%,violation_20260427_160837.jpg
2026-04-27 16:08:38,car,78.84%,violation_20260427_160838.jpg
2026-04-27 16:08:38,car,75.76%,violation_20260427_160838.jpg
2026-04-27 16:08:39,car,76.15%,violation_20260427_160839.jpg
2026-04-27 16:08:39,car,76.37%,violation_20260427_160839.jpg
2026-04-27 16:08:39,car,86.91%,violation_20260427_160839.jpg
2026-04-27 16:08:40,car,87.08%,violation_20260427_160840.jpg
2026-04-27 16:08:40,car,83.44%,violation_20260427_160840.jpg
2026-04-27 16:08:40,car,82.88%,violation_20260427_160840.jpg
2026-04-27 16:08:41,car,83.21%,violation_20260427_160841.jpg
2026-04-27 16:08:42,car,78.12%,violation_20260427_160842.jpg
2026-04-27 16:08:42,car,78.40%,violation_20260427_160842.jpg
2026-04-27 16:08:43,car,78.42%,violation_20260427_160843.jpg
2026-04-27 16:08:54,car,77.32%,violation_20260427_160854.jpg
2026-04-27 16:08:55,car,75.43%,violation_20260427_160855.jpg
2026-04-27 16:08:55,car,75.19%,violation_20260427_160855.jpg
2026-04-27 16:08:56,car,85.17%,violation_20260427_160856.jpg
2026-04-27 16:08:57,car,85.23%,violation_20260427_160857.jpg
2026-04-27 16:08:57,car,85.31%,violation_20260427_160857.jpg
2026-04-27 16:08:57,car,85.38%,violation_20260427_160857.jpg
2026-04-27 16:08:58,car,85.61%,violation_20260427_160858.jpg
2026-04-27 16:08:58,car,80.91%,violation_20260427_160858.jpg
